name,email
Ruth Shiferaw,ruthshif@mit.edu
Olivia Chen,orchen@mit.edu
Ruby Tseng,1218rubytseng@gmail.com
Rayson Zheng,raysonzheng10@gmail.com
Allen Wang,alllllen@mit.edu
Alex Li,alxli@mit.edu
Jin Wong,jinwong@mit.edu
Lara Gomez,larag846@mit.edu
Madeline Smith,msmith1@mit.edu
Hua Fang,huafang@mit.edu
Drew Hussar,hussar@mit.edu
Allison Park,aspark7@mit.edu
Basil Liu,byliu@mit.edu
Hardi Vajir,hvajir@mit.edu
Ella Sheffield,esheff@mit.edu
Mingpei Li,mungbean@mit.edu
Max Laibson,mlaibson@mit.edu
Amanda Cheng,amandach@mit.edu
Angela Chen,angelajc@mit.edu
Anna Chan,annachan@mit.edu
Gracie Sheng,grac@mit.edu
Riley Xu,rileyx15@mit.edu
Kristine Lu,kjadel@mit.edu
Dat Tran,datt@mit.edu
Melody Yu,yumelody@mit.edu
Connie Jiang,conniej@mit.edu
Jenny Jin,jinyf@mit.edu
Karie Shen,karies@mit.edu
Manaal Mohammed,manaal@mit.edu
Phoebe Xu,phoebexu@mit.edu
Ellie Feng,eyfeng@mit.edu
Julia Casey,julia815@mit.edu
Laiba Shahid,laiba410@mit.edu
Rachel Gao,rgao21@mit.edu
Claire Mao,claire_m@mit.edu
Rue Suzuki,rlsuzuki@mit.edu
Maeve Hong,maeveh@mit.edu
Nicole Zheng,nmzheng@mit.edu
