name,email,notes,extraq_1,extraq_2,extraq_3
Sherry Zhang,sherry29@mit.edu,No,Movie nights w cafe 472,"UK, for fun",Laughs
Tina Zhang,zhangtin@mit.edu,No,CPW,Shanghai because I like the city,Genuineness 
Anh Tam,anh26@mit.edu,No,The pumpkin dropping ,Thailand for the food and entertainment ,Honesty 
Olivia Munoz,munoz03@mit.edu,No,"Before the end of classes in the spring of my sophomore year, my friends and I got together and had a little barbecue. It was super cute! We grilled burgers and has a whole fruit stand. The weather was great and it was a fun time!","South America (Brazil, Argentina, Peru, Paraguay)! I have family there and I would love to visit neighboring countries to see the beautiful scenery and to experience the culture. ",Someone honest and compassionate! 
emily wong,emilywg@mit.edu,No,hosting thanksgiving potluck in my freshman year triple ,lapland islands for midnight sun and bizarre waking hours,freaking hilarious person. who loves to eat
Sophie Vulpe,vulpe@mit.edu,"Cashews, pistachios, pine nuts","Doing a pset until 4 am with my friend in the Stud, half psetting half laughing deliriously. Then we had to run for our lives from the Stud to McCormick during a HORRENDOUS storm. I had to sleep over at McCormick b/c there was no way I was getting back to my dorm that night.","Thailand! I've never been to Asia, and I've heard there's great scuba diving and nature.",Humor + not being stuck up
Kevin Li,kli0@mit.edu,No,Mohamed going away party :),"Probably China, never run out of things to see, will never see the whole thing ",I don't even need someone who's as crazy as me. Just someone conversational. PLEASE 😭
Dominique Dang,ddang@mit.edu,No,"GTL Wales, traveling with friends","Galapagos Islands, would love to hike and explore the wildlife",silliness! whimsy! 
Evie Zhang,eviezh@mit.edu,No,standing on the frozen charles,australia to see a kangaroo,synergy
Catherine Zhao,cxzhao@mit.edu,No,Bonding with my roommates on late night adventures,Denmark! To visit my friend :>,Sincerity and thoughtfulness
Jason Li,jason_li@mit.edu,No,Doing photoshoots near campus with my camera!,I want to travel to China!,"People who like to gym, photography, cooking, or karoke! "
Emma,eanz@mit.edu,No,"I built a bookshelf and forced my friends to each paint a flower on it, having them paint and also meet other friends from different parts of my life was really fun",Would really like to go to either South America (Peru for hiking) or Montana (also to hike) ,Able to see past/talk through differences in opinion 
Jaedon Whyte,jnw@mit.edu,No,P. Whincop thanked me for being in his class.,Bryce Canyon National Park; one of the most awe-inspiring natural landscapes in the world.,Intellectual curiosity
Casey Fienberg,caseyf@mit.edu,Pescatarian! Woohoo!,Taking trainings in the makerspaces! I love learning new ways to make things,"New Orleans, I’m dying to try all the food!",Primarily somebody kind. Then a sense of humor and somebody I “click” with
Alex Jin,alexjin@mit.edu,"Shellfish, molluscs",Being the jazz program and FJE,"Far Northeast (Russia), I find the people interesting","Shared interests, like music or history / cultures"
Jessica He,jhe2155@mit.edu,No,12.410 labs at Wallace observatory!,Iceland?? I’d love to see the northern lights and solar eclipse over the summer,"Integrity, kindness, energ"
Shelly Yang,shellyy@mit.edu,No,"Technically not at MIT, but traveling to Rwanda for MISTI GTL is definitely at the top!","Netherlands, because of all the bikes and lovely public transportation.","Loyalty, reliability, compassion."
Victoria Pham,phvic@mit.edu,No, Cooking while drunk in the dorm kitchen and forgetting that we had 4 midterms the next week. ,Mongolia! I'm intrigued by the culture :D!!,"Someone who is kind, witty (must laugh at my shit jokes), but can also get serious when needed. "
Julia Casey,julia815@mit.edu,No,Long walks down memorial drive at night,"Oooh I want to go to Australia and New Zealand for the scenery, hiking, and cool animals",Kindness : )
Peyton Li,peytonli@mit.edu,No,visiting providence to see waterfire with my friends,uzbekistan,thoughtfulness in conversation 
Jenny Yu,yujenny@mit.edu,No,"It's hard to pinpoint one specific memory out of the many I've made throughout my time at MIT. But some of the favorites have been late-night conversations in the halls, when my friends and I bump into each other, and even though we have work to do, the conversation keeps flowing.","I've travelled a lot recently abroad, and I think if I were to travel next, I would want to take time to appreciate nature here in the US! Maybe Mount Rainier, Yosemite, or Glacier National Park. There's so much natural beauty in the world, and I'd love to see a little more of it.","Comfort - one of my favorite aspects about the friendships I hold dear is the comfort we share in our time with each other, the comfort I have in being myself around them (in sharing all the good and the bad), and the comfort of knowing that you'll be there to support each other and root each other on no matter where life takes you. "
Ellie Feng,eyfeng@mit.edu,No,mystery hunt with my friends in the mpr,would love to go to Poland to visit a friend,has cool stories!
Elsa,elsa2499@mit.edu,No,snowball fight on my birthday on McCormick lawn,Puerto Rico to see my family!!,kindness and patience
Jennifer Chen,jennifch@mit.edu,"no oysters (not allergy, have a strong smell against oysters)",The first snow day: I’m from Phoenix AZ so we never get snow and it felt amazing being able to run around and play in the snow. It was an experience I never had before and it makes me appreciate campus a lot more.,St. Petersburg; beautiful art and vibes. I’ve been thinking about going for a long time now but I’m not sure when I’ll be able to.,Someone who’s straightforward and doesn’t talk behind your back. Good music and fashion taste and not competitive (both academic- and personality-wise) 
Angela Wu,aywu@mit.edu,No,exploring fun markets + restaurants around town!,japan or korea because there's sooo much food I want to try,"honesty, funniness, supportiveness"
Yaqi,yaqili@mit.edu,No,misti singapore with my friends,hopefully iceland! it looks super pretty in pictures.,"similar interests, humor, chill vibes"
Siiri Roschier,siiri@mit.edu,No,designing for MIT Gala last spring and seeing my work on a runway. ,I really want to go to Japan for the beautiful architecture and yummy food. ,"Excitement to tell about their interests and life, and also genuine willingness to hear about other people's interests. "
Joy Xie,joyxie@mit.edu,No,"Solving puzzles from the Mystery Hunt in Simmons MPR with friends who travelled from all over the East Coast, then giving up on said puzzles and playing Blood on the Clocktower until 4 in the morning instead. ",Norway! (a friend of mine just walked by and talked at length about his spring break trip to Norway and how it was the greatest experience he's ever had and how he wants to move there now),"The ability to have deep and meaningful conversations and at the same time, the ability to have the most absolutely random and deranged conversations"
Lucy Sun,lucys07@mit.edu,No,Baking banana bread using banana lounge bananas with my suitemates,Japan because I love Pokemon and I’ve never been there before,"Humor, Trust, Kindness"
Maeve Hong,maeveh@mit.edu,cheese,"being productive, playing games with my friends, and having fun food outings / doordashing adventures ",korea because I want to try all of the unique cafes and bakeries! ,"someone who is ambitious, easy-going, ""chalant"" and has some similar interests (manhwas, anime, jpop)"
Elliot Gross,elgross@mit.edu,No,Exploring little dome! ( and other spots),"Iceland. Absolutely beautiful hikes from volcanoes, black sand beaches, glaciers, etc.",A great sense of humor.
Amberlynn Gong,aygong@mit.edu,Nuts,NEWMACs Swimming Championships,Europe; I want to explore historical places and try new foods.,"Someone who has the same interests as me, loyal, willing to listen to me as well as talk about their life."
Phoebe Xu,phoebexu@mit.edu,No,Glassblowing,I would love to visit Southeast Asia and explore the food and culture,Someone who shares my interests and is thoughtful
Katherine Panebianco,kpanebia@mit.edu,No,"Recently, I really enjoyed playing in the MIT Symphony Orchestra concert last November. I just felt so happy to be there, making music with my friends.","I want to go back to London. A friend and I visited last year during spring break and I felt so free to be exploring a new place with a friend, mind far away from work.","Someone who is easy to be around and can match my energy, whether high or low."
Paris,phayles@mit.edu,shrimp,Going to the LSC Project Hail Mary screening with a friend,Paris (bc my name),Someone who will make me grow :)
Allison Park,aspark7@mit.edu,allergic to walnuts/pine nuts/pecans/hazelnuts,"being on campus during a quiet season (break, IAP, post-finals) and fully exploring campus and Boston",Madrid- explore the architecture and reconnect with friends that live there,someone who's fully present in a conversation and is willing to try new things together
Lindsay Reyes,linmari4@mit.edu,No,"theres too many to name...spring break cancun trip is one, every mit gala but i think 2025 was the best yet, photography class and design of compliant mechanisms in junior year, staying up in my friends room until 5am just talking about everything",I am actually going to denmark next!! with misti!!! BUT AFTER THAT I would go to new zealand for the nature...and bc zombies 4 and the lord of the rings was filmed there LOL its beautiful,"I look for kindness, reliability, humor, and generosity. I think first impressions are important as well, and not to judge a book by its cover, but I do look for if someone has personal style."
Katherine Li,liwanzhu@mit.edu,No,Playing Beethoven Symphony No. 1 in MITSO concert,"Kazakhstan, because it is very ethnically diverse (e.g. German, Korean, Ugyhur minorities) and has a lot of historical importance with its Silk Road cities. I think it would be really interesting to see the degree of influence other powers have had there, as it surely has some Soviet influence but also borders China, historically had ties to the Mongols, and its majority belongs to the Turkic ethnolinguistic family.",I look for someone who is willing to set aside some time in their schedule to do something together and just hang out.
Anna Kim,akim05@mit.edu,No,playing secret hitler with friends :),hiking in iceland! or china food tour,considerate and kind and same sense of humor
Lisa Lin,lisalin1@mit.edu,No,Rowing on the Charles River ,Kazakhstan to ride horses ,Genuine  
Katherine Li,katwli@mit.edu,No,playing avalon with friends ,peru. the scenery seems so beautiful and unlike anywhere i have already been ,someone i can laugh and talk forever with
Tugs-Oyun Enkh-Amgalan,tugsoyun@mit.edu,No,"Going to the Boston esplanade with friends on that one warm day a couple weeks ago & having a little picnic, playing card games & yapping.",The Mongolian countryside to experience the freedom of truly being alone with nature.,"Someone who pays attention to the little details and shows up for me, without me having to ask.  "
Gracie Sheng,grac@mit.edu,No,ring delivery,"french riviera, weather and food",outgoing and funny
Vienna Wyler,wyler@mit.edu,No,Meeting my suitemates,I would travel to Bali for the fresh fruit and spiritual energy,Kindness to everyone and a fun personality
Zsófia Keresztély,zsofia@mit.edu,No,Probably parties at Number Six,I really wanna travel to Indonesia or Thailand because I love beautiful beaches and I've never been to that part of Asia.,"Supportive, unhinged, open, spontaneous, deep and interesting conversations"
Karie Shen,karies@mit.edu,No,"So many! But the one coming to mind right now was going climbing and coming back pretty late at night and exploring all corners and floors of main campus, biking through the Infinite, climbing on Lobby 7 pillars, etc.","I'll be going to Singapore next but hope I can fit a trip to Vietnam, Thailand, Taiwan, China, Korea, Japan... somewhere in there.","honest, chill, down-to-earth, and ready to try something new or also just do the same thing for the 100th time"
Chris Wu,chriswu@mit.edu,No,Seeing the sunset while biking across the bridge ,Greece to see the ancient sites,Kindness and willingness to do new things
Ainsley Buice,abuice@mit.edu,No,Walking the outfinite on a sunny day last fall,Somewhere in scandinavia because it's beautiful and cold and has cool history,"Someone kind, funny, easy to talk to"
Hannah Gally,hlgally@mit.edu,No,Waking up early and watching the sunrise through the Boston skyline while rowing. ,"Thailand (or anywhere in south east Asia), I want to backpack and explore their cuisine and culture and hike/sail the gorgeous mountains and coastlines of the region.  ","Someone who you can trust and respect, be goofy at times but also like sitting peacefully in quiet together. "
Ruth Lu,ruthluvu@mit.edu,No,Eclipse trip with friends!,Anywhere with good food because I like food,"Dependable, similar values, share interests"
Ruth Shiferaw,ruthshif@mit.edu,No,Studying abroad :),London! I haven't been yet and I love British accents and both my sister and a very close friend will be studying in the UK next year so it's finally time 🙂‍↕️,Someone I can trust to show up when needed
Medha Mahanta,medham@mit.edu,No,late night side quests,"maldives, I'd like some ocean and sun",compassion and humor
Alexa Brown,alsbrown@mit.edu,No,My favorite memory at MIT is introducing my cat into my dorm room yay.,"I want to travel to Mexico City because I've heard good things about it, or Thailand because it's beautiful.","I look for someone who is silly, funny, and kind. I also like people who are pretty easy going and can be spontaneous."
Jacqueline HP,jherperz@mit.edu,No,"Last minute outings to Boston with and without friends. I love to explore, and Boston / Cambridge is such an easy place to do so. I just get on a T-line or random bus and see where it takes me.","Tour Peru and its many landscapes. There are so many different kinds of terrain that exist within the country, and the food is delicious. From the Amazon, to the Andes, to the sandy dunes, to the ocean, there is so much to see and try out, and it would be great to reconnect with my home country for the first time.","I look for understanding and compassion. Its nice to have someone to have fun with, but I love talking to people and getting to know them. I love talking about random topics, and feeling genuine care over the smallest things. I love it when people care."
Basil Liu,byliu@mit.edu,No,Cpw getting waffles with friends,Singapore—birds!!!,Emotional maturity 
Bill Bao,bbao11@mit.edu,No,A spontaneous decision among my friends to go out and explore Boston in the middle of the night. It was a cold night filled with immensely enjoyable conversations.,"I will be visiting Seattle for an internship over the summer, but I wish to one day visit every country in Eurasia. I've always wanted to backpack across Europe with a group of friends and just see where the wind takes us. My vision of travel is free of plans with at most a general outline. I find the most unique of experiences come from choosing a direction and setting forth with no concern of rigid destinations.  I find the rigid structure of modern life to be quite dull and purposeless, something like a cage to be broken out of. ","I enjoy genuine people who aren't afraid to voice their opinions and encourage others to do the same. That's a quality I look for in close friends, more generally, whoever I can hold a conversation with. There is no friendship without yap and whoever I can yap with is a friend. I can match many energies, but there are some vibes that I enjoy matching a lot more. good vibes = good friend :)"
Ella Lee,ellalee@mit.edu,No,Late night walks with friends on MIT campus and the bridge,I want to travel to Prague next because I want to see the gothic-style architecture and try slavic foods (never had them),"Loyalty, honesty, responsibility, empathy, and caring"
Meryl Zhang,merylz@mit.edu,No,going to 7/11 with my friends,singapore,"reliability, sincerity"
Beverly Ma,beverlym@mit.edu,No,Going out to picnics and movie nights with friends!,Japan because of the culture!,Curiosity and need to explore!
Alan Choi,alanchoi@mit.edu,No,Ring delivery!,"Italy, I want to eat the food.","Kindness, ability to joke around, and cool vibes."
Felice Li,feliceli@mit.edu,No,"This is hard! I feel like a lot of the best memories aren’t necessarily made *at* MIT, but through MIT. For instance, I recently went on a little hiking/skiing trip with friends, and while that wasn’t necessarily located at MIT, it was made possible through MIT. The lively group were people I met at MIT, which was the focal point of the trip. They were truly the ones that made the trip shine! Even some of the practical matters were made only possible through MIT — we rented hiking boots and snowshoes through MITOC, and most surprisingly, the car rental staff agreed to give us a 7-seater car only because we were MIT students.","This is not the most educated answer but somewhere in Africa! I just think it’d be cool to expose myself to a culture that I’ve never interacted with, or even seen a lot about (through social media, fo instance).","In my close friends, I look for someone who is open. To me, this takes on two meanings: one, someone who is open-minded and willing to live a little loosely, and two, someone who is open about what they’re passionate about, what they’re doing, and essentially doesn’t gatekeep for fear of competition. "
Hao Zhu,haozh@mit.edu,No,My favorite memory is definitely the piano drop,I want to travel to Vietnam and eat all the good food there.,I look for someone who appreciates and respects me for who I am. I want a friend who would just chill out with me for no apparent reason and just existing. 
Shelley,shelleyt@mit.edu,Lactose Intolerant,Qualifying for club tennis nationals,Antarctica- haven't been yet and want to see narwhals!,"Kindness, loyalty, honesty"
Sophia Yang,syang29@mit.edu,No,Watching student group performances at CPW for the first time,Thailand. I've never visited so it would be cool to tour landmarks and I also love thai cuisine.,"loyalty, empathy, support, trust, someone who values as who I am "
Kyle Luo,zhizhen@mit.edu,No,When I got in lol,Norway. I want to see northern lights,"Someone who is sharing, kind, and care about fostering a meaningful relationship"
Alina Yang,alinay@mit.edu,No,Running along mem drive in the Cambridge half and seeing all of my friends :),"I’d hope to visit Budapest, Prague, and the Croatian coast! I had the opportunity to do MISTI in Munich two summers ago and loved getting to explore parts of Central Europe—hiking loads, seeing artwork, and simply walking the same streets as so many past musicians, painters, and scientists—and would love to see more. ","Thoughtfulness & being considerate of others, a healthy amount of introspection, the belief that sharing honest criticism is worth mild discomfort, joy in minute or ordinary delights, an air of kindness, warmth, and wonder for the world"
Xander Backus,xabackus@mit.edu,No,Ring delivery with my friends.,"Greece, because it has a pleasant blend of interesting historical landmarks, nice beaches, and good food.","Similar interests, the ability to disagree respectfully, and mutual trust/reliability."
Anushka A.,anushka6@mit.edu,No,Rush and Rex activities ,Greece to island hop,Similar humor 
Vivian Dinh,vdinh@mit.edu,No,"My favorite memory is joining the Mock Trial team, where I met super cool people and learned how to do an Australian accent :D","I'd love to do an art tour of France; I'm a big art history nerd, so it's always been a dream of mine to go to the Louvre, Musee d'Orsay, Musee de l'Orangerie, etc... I also love cheese, so I'd probably do a cheese tour in conjunction with the art. ","Someone passionate, curious, doesn't take themselves too seriously, and has a little whimsy"
Sophia Dai,syd06@mit.edu,No,Getting dimsum with friends at Chinatown,Guangzhou in China because they have really good food,easy-going but reliable personality
Alyssa Chu,achu576@mit.edu,No,Late-night dorm hangout with friends,Maybe Turkey or Egypt? To experience the culture and history,Love discussing random philosophical questions
Caroline Huang,clnhuang@mit.edu,No,"Picnicking on the esplanade with other members in House 4—it was my first time meeting and talking with a lot of the upperclassmen, but learning about their backgrounds and bonding over our new connections really set the tone for an amazing first year so far in our living community. Over cheap charcuterie and candy, seniors and sophomores all shared the past horror stories as the sun set, almost in the way fairytales are preserved and used as lessons for future generations! ","New Zealand! I've always wanted to visit its dramatic and diverse natural wonders across both islands. The culture is also such a unique blend of different histories and groups of people coming together that are still preserved, so it seems interesting to learn more about through various museums or sites. ","Someone who will always be there to cheer you on, in person or afar. I value timeless friendships where no matter how long has passed, you still laugh and connect over the same things. A friend should be someone to try new things with, to be adventurous with, to feel safe with, and to relax with. "
ZZ Ong,ongzz@mit.edu,No,Getting to participate in GTL South Africa and travel to cool places with cool people teaching cool things!!,"Next stop is Germany (for MISTI over the summer), but if I were to choose, I want to visit Russia and/or the Middle East (those are my cultural blind spots!)","Someone who's genuine, kind and fun to talk to "
Isaac Chen,cisaac@mit.edu,"pistachios, cashew nuts, macadamia nuts","all the late night convos with friends, mostly in BC","Croatia, to enjoy a slower lifestyle and take some time for soul searching","authenticity, spontaneity, self-respect, sparkle"
Sarah Park,ssjpark@mit.edu,No,"Can't say that I have a single favorite memory, but one of them is seeing half the school gathered on Briggs to see the solar eclipse!",Europe! I've always wanted to take the train between countries and see all the historical cities but circumstances (i.e. Covid) stopped my one attempt :( will hopefully go in the next few years though,Shared life values and a love that is willing to call me out for my own sake
Fidan Huseynova,fidan10@mit.edu,No,"i love mit, so every memory here has a special heart in my place","i want to travel to italy, i know this is very basic but thats ok, i will probably go this summer, because im doing misti",they should be spontaneous and down for side quests
Lucia Wang,luciajw@mit.edu,No,Going on sidequests around Boston with friends,"Amsterdam, to see the canals and tulips",Someone supportive and easy to talk to
Kayra,kayrai@mit.edu,No,driving here from Michigan more excited than I've ever been,"Denmark, if you play your cards right ",a capacity for adventurous eating
Salt Zhou,zhou_13@mit.edu,Plant-based / vegan,"It's difficult to choose, but I think my favorite memory was when a fire alarm went off in my dorm while it was snowing. It woke me up from a nap, and I ended up going to my friend's room in the same dorm to wait it out (I knew there wasn't a fire because I saw the overcooked pasta that triggered the fire alarm in the kitchen). We stayed there and listened to the firefighters discuss the pasta, and after people were allowed in again, we headed outside, where my friend drew a lot of shapes in the snow.","In general, long-distance travel/transportation gives me a lot of stress, and traveling to many nations around the world would make me miss a blood donation cycle due to eligibility requirements, so I don't think I'll be traveling much in the future. Realistically, the most likely place I'd travel to is New York, because I was born there but moved away when I was young. I think it would be nice to revisit places and to see if / how much they've changed. ","I don't think I look for characteristics in people that would make them a potential friend as much as I look for characteristics in people that would make them non-viable as a potential friend. However, what I tend to appreciate most when it comes to my friends is the ability to have long, thoughtful conversations with them, as well as a willingness to be honest with one another."
Mariam Maingu,mariamm@mit.edu,Okra,Talking to the international students,"Tanzania, I miss home gang","A good sense of humour, bendable morals, but fierce loyalty "
Emaan Bilal,emaan@mit.edu,No,"I've been fortunate to have had a close-knit cohort for my graduate program (TPP) and a strong community in the form of the Muslim Students Association, so all memories that come to mind are either our Program Retreat at Endicott House, or the community iftars at Lobdell during Ramadan.  ","Growing up in Lahore Pakistan, before I moved to the US, I'd been in a very homogenous and strong cultural environment. When I moved, while I appreciated the melting pot of diversity this country has to offer, I really missed living in a very strongly connected community. For that reason, I'd love to travel to South Korea or Japan next to immerse myself in a similarly distinct and niche culture -- only entirely different from anything I've experienced. ","I look for good conversation, a listening ear, curiosity, value alignment and kindness. "
Riley Xu,rileyx15@mit.edu,No,Going rock climbing with friends,Taiwan --> the Street Food,Willingness to grub
Rachel Gao,rgao21@mit.edu,No,Chilling on the grass near kresge lawn w/ friends,"Japan!!! I'm getting fomo from all my friends going when I haven't gone yet. Also really interested in exploring different cities and villages, culture and food!","Supportive & understanding, fun to talk to"
Mira Lubashev,mirka@mit.edu,No,Exploring Boston with friends,"Tunisia, I've never been to that part of the world","Funny, dependable"
Muktha,muktha21@mit.edu,No,"My favorite memory at MIT was most likely sometime during REX/Rush when all of my friends and I had very little work to do, but were basically going to all the events we could and just having a lot of fun.","I want to go to Europe because I haven't ever been there, and I believe everything is connected so it'd be really easy to just explore a lot of places at once.  I'd try to experience as much as I could during one trip.","Someone that I could count on.  They like you for who you are, and you think that they're pretty cool and and that they're good human beings as well."
Rebecca Wang,rebecca1@mit.edu,No,My favorite memory is going on retreat with a club.,"I would travel to Portugal because it is vibrant, has great architecture, great food, and beaches/cliffs.","I look for someone I can talk to anything about, who is always supportive and that I can laugh with."
Megan Wang,myxwang@mit.edu,No,Every sunny day where I can sit outside with my friends,Antarctica but with a lot of coats and sweaters. I want to see a part of the world that is yet untouched + I'm scared it's going to disappear.,Openness
Kayle Orantes,korantes@mit.edu,No,dancing at ldc's bailando performance + seeing my friends in the LCC after!,the uk to see my sister and niece and nephew and brother in law!,genuine emotional connection
Cristine Chen,cchen117@mit.edu,No,hanging out with my friends at ring delivery and getting a late night snack afterwards,i would like to travel to okinawa one day to see the star sand beaches and clear blue water that my oba talks about,"i look for friends that are kind, thoughtful, selfless, genuine, and fun to hang around"
Serena Zhu,zserena@mit.edu,"Severe peanut allergy, not a huge fan of cheese except cream cheese",The spontaneous conversations I can have with people whether I've known them for a longer time or if I've just met them,"Scandinavia, it's been on my bucket list for a while","Empathy, pushing themselves to be the best version of themselves while being kind to everyone around them, trust"
Elizabeth Zhang,elizz@mit.edu,No,Chairing,Somewhere in Latin America!,Sense of humor
anna chan,annachan@mit.edu,gluten free,building a stool/woodworking ,"vietnam bc good food, clothes, and i wanna do the ha giang loop (motorcycle tour) and see cool sights ",emotional depth and understanding and humor
Sandra Luo,sanluo@mit.edu,No,Hanging out with my friends,"I think France would be pretty fun, lots of historical views and museums and also good food",Someone who's fun to be around and not a bad person
Ann Ho,annho@mit.edu,No,spring weather and sitting on the lawn with my multicultural friend group ,morroco for the views ,swag
Jessica Luu,jluu24@mit.edu,No,Ring delivery! ,Vietnam because that’s where my family is from and we were supposed to go when COVID hit ,Someone I can hang out with and things seem easy! 
Margaret Wang,mqwang@mit.edu,No,Chairing down the tunnels ,Alaska for the Northern Lights,Kindness and thoughtful listening 
Melody Yu,yumelody@mit.edu,No,walking in first snowfall,Japan for food!,loyal and funny
Stasya Selizhuk,stasya@mit.edu,tree nut & buckwheat allergy,I’ve loved all the celebrations of hard work and seeing all the people i know happy - such as formals and the last catch up before a break,tanzania - ive never been to Africa and i want to see a safari,someone who cares about other people and wants to get to know other people. Someone adventurous and with agency
Dat Tran,datt@mit.edu,No,late night study sessions with friends in IHQ,vietnam. its where im from but i want to go there w/o family and explore it on my own. discover my roots and get my own view of the country. ,good vibes and energy.
Amy Ye,amyye@mit.edu,No,going to star market across the river during the snowstorm to get ingredients for soup,A spanish-speaking country because I am learning spanish,genuine people who are kind
Tatiana Medved,tmedved@mit.edu,nut allergy,Making a cup from start to finish during IAP glassblowing class.,I've dreamed of going to Sequoia National Park since I was a kid! I also love northern landscapes and nature like Norway and Iceland.,"Someone who doesn't judge others, doesn't take themselves too seriously, and encourages me to try new things."
Rishabh Sharma,r_sharma@mit.edu,No,Winning my squash national championship and being the deciding match. All my teammates stormed to court after and my captains and Coach cried. ,I would want to go to sweden because I really want to exploring the natural landscape but also have Swiss chocolate,"Someone who is easy to talk to and fun to make jokes with, also that is genuine"
Kate Xu,katexu66@mit.edu,No,"My subteam on Motorsports has a tradition of ""suspension dinner""; every Friday night, we get dinner together, typically at a dining hall, as a way to enjoy time together beyond Motorsports.

The weekend before Spring break, a few of my suspension friends and I decided to cook the dinner ourselves instead of going to a dining hall. I made garlic-rosemary focaccia, one of my friends made chili oil onion pasta, another friend brought fresh pecorino and parmesan. It was so fun to cook, enjoy freshly home-cooked foods together, and talk and laugh in the warmth of a kitchen lounge; this is what I imagine hygge represents :)","New Zealand; it is such a beautiful place and I've heard the people there are extremely kind and down-to-earth. One of my favorite places I've visited is Banff, because of the sapphire lakes and the vast mountains, and I think I would find similar awe-inspiring nature in NZ!","Kindness, warmth, genuineness, joy, humor"
Zavish,kitou@mit.edu,No,When i played in the snow with my friends during the blizzard,Hong kong because they have cool style,People who are cool and kind and very aware
Etash Bhat,ebhat@mit.edu,No,REX,"France, to practice French!",Loyalty
Megan Sun,megansun@mit.edu,No,getting berryline or le's pho like every other day during freshman IAP,"I would go to spain (or europe in general); I've never been there and I heard the food is really good. also, it looks really pretty and I think it would be fun to walk around the different areas and see the cool architecture","someone who's really easy to talk to, have similar humor, fun to hang out with"
Sean Wilson,sjwilson@mit.edu,No,Going to Orlando and Disney World with the Logarhythms!,Denmark to experience hygge in person,Someone to share their leftovers with me
Haley,hhigginb@mit.edu,Low dairy,Too hard to choose!,Yosemite - mitoc alum climbing event,"Reliability, sense of adventure"
Nicole Zheng,nmzheng@mit.edu,No,playing board games late into the night with friends on a random thursday,the south of france to paint the calm scenic views and spend more time enjoying the moment,"empathy, humor, genuineness"
Allen Wang,alllllen@mit.edu,No,"I don’t really have any identifiably “favorite” events but one time I was with in a friend’s room with him and his friend who I was meeting for the first time late at night and we were just talking about life. I was getting back from something and I was feeling a weird mix of feelings—would not describe them as positive or negative, just kind of intense and all over the place—both from the event and from everything else going on. And I think because of that there was something especially beautiful about the time we spent. ","Chongqing, no fixed itinerary. Just take it all in gradually. Knowing Chinese here helps. Interesting “underground”/“independent” art and music scenes (in different ways). Chongqing has some very interesting geography too and I would love to be in the hills looking down on the city. Beijing is more familiar to me as I’ve been there many times as a child, but it’s been a while. I hear Chongqing (despite all the glowing lights we see on tiktoks) has a bit less of a modern veneer compared to Beijing or Shanghai, preserving some things that have been swept away in Beijing, which is nice. And of course the food will be great.","Mutual understanding of each others’ interiority. I care a lot about shared interests/outlooks on life too but I think those stem from the former, at least for me."
Melissa Li,li_me@mit.edu,No,Staying up with friends during delirious hours,Vietnam to get high quality clothing tailoring and yummy food for cheap,"Same sense of humor, listens, kind, etc"
Angela Chen,angelajc@mit.edu,No,Staying up late talking to friends,I would love to go to Japan. Seems very cool and like a lot of things I haven't seem before. I haven't travelled in Asia outside of China,Someone who's reliable and funny
Magdalena ,madzia@mit.edu,No,Walking on campus with my friends during the first sunny day and feeling the warmth on my face,Honestly anywhere with beautiful mountains or wild life everywhere ,good sense of humor
Vin Baker,calvi540@mit.edu,No,"During my freshman year, the then president threw a campus-wide party on my birthday, and it was a great way to start the year.","Jamaica is a place I left at the age of three and have not returned to since. Yet, I feel that a country, especially one tied to your heritage, plays an important role in shaping your identity. Visiting again would give me the opportunity to reconnect with those roots, to rediscover parts of myself that were never fully experienced, and to embrace a deeper understanding of where I come from.",Passion. Honesty. Humor. Authenticity. Generosity.
Manaal,manaal@mit.edu,no alcohol,seeing (partial) solar eclipse,mexico city (have never been),openness and compassion 
Linda Xue,lexue28@mit.edu,No,I have so many fun memories of late night walks with friends by the Charles and talking about our thoughts on life.,I want to go to South America as I have never been there.,"I look for people who are easy to talk to, good listeners, and accepting of everyone. I also appreciate ppl with humor."
Connie Jiang,conniej@mit.edu,No,Swimming at night in the Charles on ldoc,Dolomites!! (Been craving a good hiking trip and it’s already booked lol),"Aligned values, loyalty, humor, quality time"
Tyra Espedal,tyrae@mit.edu,No,Laughing and cooking in the EC 4E kitchen my freshman year spring <3,"Mexico!! Love Latin American culture, food, Spanish language etc, but have never visited (beyond family in PR)",Someone who I can laugh with!
Kristine Lu,kjadel@mit.edu,No,Biking across the bridge at 2 AM for some raising canes with firneds,"Vienna and Salzburg, Austria to see the homes of Beethoven, Mozart, Strauss and the filming sites from the Sound of Music, to busk in an art-loving city and to bike solo across the countryside.","Someone who loves doing things and loves people and loves the world, who will passion-project or explore new places with me."
Lara Gomez,larag846@mit.edu,No,My favorite memory at MIT is senior disorientation. It was really fun to see all of the people I have met across the 4 years and reuniting with everybody. It let me reflect across all of the memories I have made and how much I have changed throughout my time at MIT.,I would love to travel to Argentina to see the beautiful sights it offers and to experience the country where my parents group up. I would really enjoy eating the traditional food and experience the late night dining/culture.,"I look for kindness, empathy, and people who can make me laugh!"
Amanda Hulver,ahulver@mit.edu,No,building a fort and having a sleepover in my dorm hallway during finals season to watch movies and hang out instead of studying,"I want to travel to China because I would love to hike in Tian Shan, visit my mom's hometown, try new foods, and test out my (beginner) Chinese skills","I look for someone who is funny, kind, and a good listener"
Fiona Lu ,froit@mit.edu,No,Organizing Spring HSSP with ESP,Japan bc I've always wanted to go! I'm a big Japan fan!,A geuninely good person
Bobo Lin,blin15@mit.edu,No,Getting berryline with my friends at night freshman fall,"Spain, because the weather is nice and I've never been",Humor and loyalty
Sia ,siag@mit.edu,No,Probably when my friends and I stayed up all night doing the 18.02A PSET (don't worry the good part is coming) and then decided to go down to the rowing boathouse to catch the sunrise. We took some hot chocolate from the banana lounge and just cuddled up at the boathouse. We were exhausted but the view was beautiful. ,"Marrakesh, Morocco -> My friends have described it as a sensory overload in the best way. I love that there's so much history yet liveliness. People seem very loud and affectionate (similar to my indian culture) so I'd love to experience crazy adventures and also chill out by learning about the history. ","A yapper! I'm an extrovert as well but I love when the other person talks more (especially if they're talking about something they're passionate about). I look for intelligent, sarcastic people who are not afraid to embarrass themself (cause I embarrass myself)"
Rue Suzuki,rlsuzuki@mit.edu,No,"there’s so many (the sorority big-little experience, ring premiere, showing people around the dorms / exploring random buildings in the middle of the night)","anywhere in europe, but maybe rural france!! i’ve never been to more rural areas and i would love to know the culture there","someone i can share interests with and talk for HOURS
(also a fellow food lover)"
Laura Xia,laurx@mit.edu,No,"For a galentines event, some friends and I made a matcha tiramisu, also decorating it with strawberries and cream frosting. We also prepared other snacks and just got together and talked for a while/caught up, which was super relaxing and something we hadn't been able to do in a while. ","I'd either want to go to Zhejiang, China or Vorarlberg, Austria. 
China to visit my family's hometown again for the first time in 7 years and visit relatives + shop.
Vorarlberg, Austria because it has a mix of relaxation and learning. They have the Großes Walsertal, which is a UNESCO-recognized biosphere reserve focused on sustainable living, which I have had an interest in since high-school. As a result, it is also a peaceful place to relax, enjoy life, and learn about local culture. I also recently learned to ski and would like to practice it at Damüls-Mellau. ","Up for doing random things, whether it be cafe hopping, grinding psets, or grocery shopping. Comes through whenever we need each other to. Willing to learn about different things through class, conversation, or debate. It's more fun when people have different experiences and interests and who are willing to share and teach about them. "
Susan Hong,suahong@mit.edu,No,"it's hard to choose one, but most recently, we celebrated a friend's birthday, spent almost 200 dollars on so many burgers lol and then walked back along the river (in general walks along the charles at night are lovely)","japan or south korea maybe, because of the food! or taiwan, to visit family :D","someone i can have a good conversation with, whether that's about things we have in common or different perspectives that we hold. people who are kind, passionate about something, and curious about the world. bonus points if we can talk abt books/writing!"
Julia Treese,jtreese@mit.edu,No,The Course X graduate student social the day of my thesis proposal! It was awesome to be able to learn that I passed and then go hang out with both people from my lab and my cohort while we enjoyed free food and drinks. The social and my proposal falling on the same day was a fun coincidence that allowed me to celebrate more than I probably would've on my own and also just chill out after months of stress!,"Taiwan! I visited two years ago after I graduated undergrad and absolutely loved the food, atmosphere, landscapes, and tea. I really want to go back and spend a longer period of time there and explore more areas, especially some of the national parks since we mostly visited cities during the first trip. I also enjoyed being able to practice speaking Mandarin and it gave me more motivation to continue improving! ","I look for people that are open to adventures and new experiences, especially those involving travel and food! I also look for people who are open-minded, dependable, and kind, and just generally people that I can enjoy spending time with in any situation."
Vaibhavi Addala,vaddala7@mit.edu,Vegetarian,Probably Ring Delivery,"I would go to Greece, because I love history and art and it looks beautiful.",Mostly kindness
Olivia Chen,orchen@mit.edu,No,Being with friends,Australia,We have fun together!
Katelin Zhao,katelinz@mit.edu,No,project hail mary screening,japan because i love matcha,empathy
Trish Zheng,trishz@mit.edu,No,Watching the sunrise with my friends ,Antarctica! I think it would be really cool,loyalty and matches my energy
Laiba Shahid,laiba410@mit.edu,No alcohol or pork,Biking down the infinite at midnight freshman year. Strong tie with Reif’s Rager,Beirut because I’m hungry and want a shawarma ,You can’t be too serious or take me too seriously. Also they must be a foodie
Ketevan Peranidze,ketip@mit.edu,No,"First day, everything new, new country new people. Meeting other international students. ","I really wanna see Japan because I feel like it has really unique culture, also I was obsessed with it since middle school. ",I wanna meet more interesting people
Hager Gomaa,hagerg57@mit.edu,No,My favorite memory at MIT was when I had a picnic with my friends on Kresge freshman year and played frisbee. MIT really felt like home at that moment.,"I really want to travel to Crema, Italy because it’s such a beautiful, small town. I would want to swim in the little creek and walk around the city center.","I look for honesty, empathy, and vibes. I think your lifelong friends are the ones that understand you, are kind, and you can just share laughs with. "
Anish Mudide,amudide@mit.edu,No,MarMon 2025,Cappadocia to ride in the air balloons.,Vulnerability coupled with independence.
Jenny Jin,jinyf@mit.edu,No,Staying up all night to play cards with my suite mates,Really want to go to Portugal for the El camino de santiago trail,someone who is fun and enjoys exploring new experiences!
Yuga Patel,yugap@mit.edu,No,Running along the charles river in the morning.,I want to travel to the Himalayas for hiking!,Loyalty and honesty. Someone who is true to their believes and brings joy to others around them. 
Anika,kn6oqk@mit.edu,Nuts,"I remember my freshman year, me and a few of my friends made a pina collider, which was two air cannons facing other, with a pineapple core in one side and a coconut core on the other. During testing, we blasted it so hard the first time, the chamber came open and bits of fruit started raining down on everyone's faces. We blended the rest, and drank pina colada  while scrubbing juice off the table. ","I want to travel to go canyoning in LA! I did a bunch of dry slotty canyons in southwest utah this spring break, and I'm hoping to climb and rappel a few wet canyons. At some point in my life, I would like to visit the Amazon rainforest and go herping in costa rica.","Companionship, some amount of trust, and mutual yapping topic. Anyone who can nerd out about their interests and is happy to listen to me yap about mine."
Claire Mao,claire_m@mit.edu,No,CPW,"UK, to see how it's like 4 years later.",Honesty and joy
Audrey Perry,audperry@mit.edu,Lactose intolerance,Going to Bova's bakery in the North End with friends past midnight,"a really secluded temple in the mountains in China, feels pristine and peaceful",empathy/compassion
Remington Kim,remikim@mit.edu,No,Skipping class and going to teaholic.,"Korea, planning a trip for 2027.",Understanding.
Alex Li,alxli@mit.edu,No,singing w the logs,spain for the food,if their name is catherine tu
Brandy Romine,blromine@mit.edu,No,going to chinatown,taiwan for pineapple cake,likes to eat food
Hannah Chung,hdchung@mit.edu,No,Sophomore spring ,South Africa to meet my friends ,Kindness
Katherine Wang,kwanga@mit.edu,No,"watching tangled at 2am with friends during iap, that movie was so nostalgic for me and we had bus snacks","aruba, i need to go someplace where things still grow","genuineness, sense of humor, thoughtfulness, putting in an equal amount of effort"
Khushi Parikh,khushi@mit.edu,No,Hanging out with friends.,"Europe, I’ve never been before.",Kindness :)
Jose Antonio Ramirez,echo314@mit.edu,No,Staying up late talking with my friends in the main lounge of our wing.,"Basic answer: Japan. I climbed Mt. Fuji two summers ago, and I would like to do it again. It was a very rewarding experience.",I wish I knew
Valeria Ramirez,rvaleria@mit.edu,No,Walking along the Charles River in the middle of the night to get a pier next to Longfellow Bridge and just sat there + played music with friends until like 3 am,"Japan, have always wanted to visit since I was little","Someone who loves long walks, rainy days, and endless talks"
catherine tu,cattu@mit.edu,No,singing with the logs,japan! culture and scenery and food,(: alex li!
Daniel Campos-Moralss,dcamposm@mit.edu,No,CPW and getting so much free food and going to the frat parties and events. ,Chongqing China. It’s also known as cyberpunk city and I love the aesthetic and the amount of lights that illuminate the entire city. The food also seems awesome. ,Someone who can have a deep conversation over anything and isn’t afraid to be themselves. 
Wendy Zhang,wendyz@mit.edu,No,My MISTI experiences! Especially my MISTI summer internship in Lithuania where I got to explore nearby countries like Denmark!,I want to do an Asia post grad trip because I haven't seen much of Asia other than China! Maybe volunteer in a farm in Korea with WWOOF program too?,"Someone who is creative, patient, and a good listener!"
Lilian Gan,lgan@mit.edu,No,"My favorite memory at MIT was when I stayed up super late talking to my friend, and I really got to know her as a person, and we got a lot closer.","I would travel to Northern California. I have a lot of friends that I met during summer camps, and I haven't seen them in a long time. I feel like the people make the place so just seeing them after a long time would be amazing.","humor, realness, able to laugh at jokes"
Lanie Dela Pena,laniedp@mit.edu,Allergic to fish and pollen,Taking the Spanish Incubator class during this past IAP. ,The Philippines to visit family I haven't had the chance to meet in person yet! ,"Someone who is reliable, respectful, kind, and easy to connect with!"
Audrey Chen,auds@mit.edu,Walnut ,"I loved participating in Arcturus’ MITs autonomous marine robotics team. Competing in RoboBoat in Sarasota, FL was a ton of fun! ",I’d love to go to Venice because I’ve always dreamed of going to the canals! ,I value when my friends are considerate and kind.
Ivy Guo,ivyg@mit.edu,No,"BC apple bake, baking with my friends the morning of the event, and rushing to get our entry in on time",Iceland - I really want to see the northern lights,someone who's easy to talk to
Arrow Bazhenov,bazhenov@mit.edu,No,"Going to firejams (MIT Spinning Arts club's practices where we spin fire), and hanging out with my friends. I don't really have one specific firejam memory that I enjoy, but one of my favorite ones is when I was spinning a prop that is basically a big ball of fire on a rope (it's called ropedart, normally the ball of fire is smaller, but I had bought a different head for it that would make more fire), and my friend changed the music that was playing to ""Here Comes the Sun"" by the Beatles since the fire was so bright. ","If I was able to (aka probably not anytime soon), I would go to Russia and visit Moscow (my mom's hometown), and Perm (my dad's hometown). A lot of my family is still in Moscow, and it would be nice to see them and visit places relevant to both of my parents' lives. Also, the last time I visited Moscow, I was 9 years old and traveling with my mom, so I think it would be really interesting to experience it as an adult and probably by myself. ",I try to make friends with people who I can have lots of interesting conversations with and also go on adventures and do various activities with. 
Amanda Cheng,amandach@mit.edu,No,Playing avalon with my friends until 3 am and breaking into the dining hall to steal ice cream. ,"argentina to hike the patagonias! i love latin american food. from my experiences in latin america, everyone is so nice. ",compatible humor. preferably funnier than me. also considerate and communicative. passionate about their interests and individuality. loves to share their food. 
Abrianna Zhang,abrianna@mit.edu,No,Late night talks huddled in each other's dorms,France because I like French and have never been to Europe before,Kindness! And humor.
Sarah Schmitt,sar55@mit.edu,"Peanuts, tree nuts, sunflower seeds, shellfish allergies. Not a huge seafood fan otherwise, but willing to go out of my comfort zone for this event :)","Biking from D.C. to San Francisco with Spokes 2025 last summer! If I had to pick one specific memory from this time, it would probably be the day we biked into and straight thru Zion National Park in Utah. I'm from the Southwest and had been to Zion many years ago, but seeing it in a whole new context and in a whole new way was truly amazing! It's crazy the colors that can come straight from nature!","Germany—I have distant German ancestry, and want to connect with that in some way, as well as explore more of Europe beyond the little I've done so far! Plus bratwurst, pretzels, cheese…","Someone who is enthusiastic and passionate about all they choose to do. Willing to experiment and try new things, take risks, not afraid of failure. Creative and maximalist!"
Derek Chan,derek16@mit.edu,No,ring delivery and seeing everyone i know there,"Poland or Russia, the cities look very pretty and I’ve never been to central and eastern europe ",someone’s who’s willing to do spontaneous things
Maya C Jyothinagaram,mayajyo@mit.edu,No,My favorite memory at MIT is probably long walks around the river with my closest friends. Nothing can beat a cool breeze and infinite giggles.,"Next place on my bucket list is probably the Brazil! I’ve heard too many great things about it, seems like a beautiful country with great food and vibes. ++ I’ve never been to South America!","I want my friends to be loyal, humorous, and interesting. I think I love to be around people who make me more curious and inquisitive. I want to wake up every day laughing with my friends and go to sleep knowing that it’ll stay like that forever."
Kelly Heo,sheo722@mit.edu,tree nuts,my favorite memory is walking across the Killian court at 3am after studying for my 7.05 exam and looking at the stars,"Greece, I just really want to see the beaches and white houses",genuinity
Minyi Chen,minyic@mit.edu,No,honestly dining hall dinners with friends,Greece for the historical/cultural sites and the beaches,someone trustworthy and easygoing
Josephine Wang,josiexw@mit.edu,No,Pulling an all nighter to just yap with friends.,"Egypt because I've never been to that part of the world before, and I really want to go to the middle of nowhere to look at the milky way.",Someone who is willing to make time for people no matter how busy they are.
Alyssa Solomon,solam@mit.edu,No,"Outings, baking, and late night yapping together in Random Hall during IAP",Basel Switzerland + Lake Garda --- see a friend + gorgeous natural beauty and hikes,Someone I can yap with and laugh with (and monologue to about my special interests)
Annalisa Hurd,ajrhurd@mit.edu,No,Hanging out with my friends in Boston and in my dorm ,Switzerland -- I have family I'm close to there and it's just so gorgeous it looks like a fairy tale,"Someone who has good character, is honest, and does things that make me respect them. After that, someone who's more extroverted than me and preferably a little funny!"