names,emails,notes
"Raafat Salib, Kelly Zhang","rksalib@mit.edu, zhank@mit.edu",No
Tina Zhang,zhangtin@mit.edu,No
"ashrit verma, jose soto","ashrit@mit.edu, josesoto@mit.edu",no seed oils if possible please thanks!
"Angie Alcantara, Evan Chang","angiealc@mit.edu, evchang@mit.edu",No
"Shirley Xu, Ellis Chae","xshirley@mit.edu, echae@mit.edu",No
Mesk Abdalsalam ,mesk593@mit.edu,I don’t eat pork or food containing alcohol 
Mesk Abdalsalam,Mesk593@mit.edu,I don’t eat pork or food containing alcohol 
"Alena Zhang, Corona Chen","ayuz@mit.edu, clcorona@mit.edu",No
"Juliana Chinzorig, Audrey Perry","julchinz@mit.edu, audperry@mit.edu",No
Tim Gutterman,timgu@mit.edu,No
Jing Lin,jingl127@mit.edu,No
Raymond Feng,rbfeng@mit.edu,No
"Sneha Kundu, Amy Zhang","skundu@mit.edu, aazhang@mit.edu",No
"Eloise Shin, Loralei Quinn","elshin@mit.edu, lquinn15@mit.edu",No
Isaac Chen,cisaac@mit.edu,No
Jade Huang,jadeh888@mit.edu,No
Sarah Bernard ,Sarahjxb@mit.edu,No
Brandy Romine,blromine@mit.edu,No
"Yuqing Liu, Laura Zhang","yuqingl@mit.edu, lauralz@mit.edu",Laura has tree nut allergies
Joy Xie,joyxie@mit.edu,No
Meryl Zhang,merylz@mit.edu,No
Malcolm Bolton,mb272750@mit.edu,No
Emma Fang,eefang@mit.edu,No
"Sophie Bergkvist, Samantha Holler","Sophielb@mit.edu, sjholler@mit.edu",No
"Megan Tseng, Andrew Van Dusen","mtseng@mit.edu, avdusen@mit.edu",peanuts and tree nuts
Alexis MacAvoy,amacavoy@mit.edu,No
"Damian Gold, Kennedy Gore","godamian@mit.edu, kgore@mit.edu",No
Daryl Griffith II,donryl@mit.edu,No
Ellie Feng,eyfeng@mit.edu,No
Augusto Schwanz,aschwanz@mit.edu,No
Vernon Lin,vsl@mit.edu,No
"Sandra Luo, Emma Yang","sanluo@mit.edu, eyang1@mit.edu",No
"Kangxi Yang, Danny Thach","dannyvt@mit.edu, kangxiy@mit.edu",No
"Jiexi Pan, Kelly Ye","jiexip@mit.edu, kellyye0@mit.edu",No
"Abrianna Zhang, Kristie Sue","abrianna@mit.edu, kxue@mit.edu",No
Etash Bhat,ebhat@mit.edu,No
Elsa Deshmukh,elsa2499@mit.edu,No
Manya Tandon,matandon@mit.edu,Vegetarian
"Basil Liu, Es Lee","byliu@mit.edu, apidges@mit.edu",No
Alec Zhang,alecz@mit.edu,No
Anusha Reddy,Agreddy@mit.edu,Vegetarian 
Grace Zhang,zgrace@mit.edu,Allergic to all nuts except coconut - severe allergy to tree / pine nuts in particular 
"Ekam Kaur, Alyssa Yu","ekam@mit.edu, aljyu@mit.edu",No
"Iraira Rivera Rojas, Nicolas Valayannopoulos","iraira@mit.edu, nva@mit.edu",No
Leanne fan ,Lefan@mit.edu,No
"Alina Yang, Mia Lu","alinay@mit.edu, mialu@mit.edu",No
Xuan Ly,Ltx@mit.edu,No
Connie Chen,cconnie@mit.edu,No
"Peyton Li, Emma Zhang","peytonli@mit.edu, emmazhan@mit.edu","Mild allergy to all nuts except cashew, sesame (sesame oil is fine)"
"Carmen McCay, Hillary Hernandez Garcia","cmccay@mit.edu, hwh@mit.edu",No
"Caroline Huang, Tugs-Oyun Enkh-Amgalan ","clnhuang@mit.edu, tugsoyun@mit.edu",No
"Kallie Wang, Janet Guo","kalliew@mit.edu, janetguo@mit.edu",No
"Lucy Sun, Serena Liu","lucys07@mit.edu, serenayl@mit.edu",No
Rachel Jiang,rjcan@mit.edu,No
"Sophia Lee, Allison Jung","smmlee@mit.edu, ajung30@mit.edu",No
"Rachel Gao, Tracey Lin","rgao21@mit.edu, traceyl@mit.edu",No
"Allison Jung, Sophia Lee","ajung30@mit.edu, smmlee@mit.edu",No
Carys Chan,carysc@mit.edu,No
keira mooney,kmooney@mit.edu,No
Erick Chen,chnerick@mit.edu,No
"Serena Liu, Lucy Sun","serenayl@mit.edu, lucys07@mit.edu",No
"Elizabeth Zhang, Angelina Kwiatkowski","elizz@mit.edu, angi3@mit.edu ",No
Cindy Wang,cwang08@mit.edu,No
"Aiden Rouhani, Mirabelle Kakushadze","rouhani@mit.edu, miraa@mit.edu",No
"Sophie Wang, Osmond Chung","sophie28@mit.edu, osmond@mit.edu",No
Andy Phung,phunga@mit.edu,No
Samiksha Singh,sasingh@mit.edu,No
Hannah Flitman ,haflit28@mit.edu,No
"Drew Hussar, Kayla Han","hussar@mit.edu, kaylahan@mit.edu",No
Amber Lan,amberlan@mit.edu,No
Rudiba Laiba,Rudiba@mit.edu,Halal/pescetarian
Alyssa Chu,achu576@mit.edu,No
Jeffrey Li,jefffrey@mit.edu,No
"Hailey Pan, Kevin Wang","hpan27@mit.edu, kevinhw@mit.edu",No
"Emma Wilson, Olivia nguyen","Ekwilson@mit.edu, onguyen@mit.edu",Olivia is allergic to walnuts pecans raw carrots hazelnuts raw bell peppers raw celery
"Elliott Slaughter, Amy Ye","erslaugh@mit.edu, amyye@mit.edu",No
Nicole Zheng,nmzheng@mit.edu,No
Selma Petrie,aopetrie@mit.edu,No
Evie Zhang,eviezh@mit.edu,No
Allison Anderson,alliande@mit.edu,No
"Claire Lim, Calvin Rodrigue","Cblim@mit.edu, calvinr@mit.edu",No
"Sydney Du, Brian Lee","sydneydu@mit.edu, brianjsl@mit.edu",No
"Daniel Campos-Morales, Arthur Flores","aflores0@mit.edu, dcamposm@mit.edu",No
Elisa Xia,elisaxia@mit.edu,No
Zaee Shah,zaeeshah@mit.edu,No
"Amberlynn Gong, Tiffany Kim","aygong@mit.edu, tiffkim@mit.edu",Nuts
"Avery Reischer-Craft, Chris Proulx","avery970@mit.edu, crproulx@bu.edu",Gluten
"Stuti Agarwal, Sanskriti Singh","stutiag@mit.edu, ssingh7@mit.edu",vegetarian 
"Mia Farber, Samantha Gross","mjfarber@mit.edu, sgross30@mit.edu",No
"Serena Liu, Lucy Sun","serenayl@mit.edu, lucys07@mit.edu",No
"Alicia Ji, Sophia Lee","aliciaji@mit.edu, sjhlee@mit.edu",No
Olivia Stinson,ostinson@mit.edu,No
"Abigail Licht, Sam Kovi","abhl@mit.edu, samkovi@mit.edu",vegetarian
Hager Gomaa,hagerg57@mit.edu,No
"Angela Wu, Yaqi Li","aywu@mit.edu, yaqili@mit.edu",No
"Asmi Pareek, Bryan Adinolfi ","Apareek@mit.edu, bryanadi@mit.edu",Bryan has shellfish allergy - fine with oyester sauce tho 
"Victoria Cure, Erika Perkins","vch7@mit.edu, eperks@mit.edu",No
"Hannah Tao, Julia Schneider","htao@mit.edu, juliaes@mit.edu",No
"Darius Sinha, Jasmine Xing","dasinha@mit.edu, jasminex@mit.edu",Darius is allergic to nuts :(
Russell Liu,russell7@mit.edu,No
Emma Fang,eefang@mit.edu,No
Elian Juarez,juarez@mit.edu,No
"Anna Beck, Colin Clark","annabeck@mit.edu, colclark@mit.edu",No
"Anika Mittal, Zoe Mehta","anikam@mit.edu, zoemehta@mit.edu",No
Tessa Everett,tjeveret@mit.edu,Vegetarian 
"Quinn Van Konynenburg, Noora Khaled","qvk@mit.edu, noorak@mit.edu",no pork or beef
"Chloe Tan, Ricardo Marin","tanchloe@mit.edu, marin531@mit.edu",No
"Allison Liu, Maryam Alsammak","alliu@mit.edu, alsammak@mit.edu",Halal
Dharma Chari-Letts,Dharmacl@mit.edu,No
James Samples,jsamples@mit.edu,No
"Abigail Qiu, Chloe Shao","abigailq@mit.edu, czshao@mit.edu",No
"Sarah Pan, Will Savage","sarahpan@mit.edu, wcsavage@mit.edu",No
"Maeve Hong, Jiaxuan Lin","maeveh@mit.edu, jiaxuan7@mit.edu",cheese/dairy
"Isabella Chen, Emma Yang","ikchen@mit.edu, eyang1@mit.edu",No
"Amanda Hulver, Emira Ibrahimovic","ahulver@mit.edu, emira@mit.edu",Emira — halal
Annie Wang,awang27@mit.edu,No
Lydia Birknes,Lbirknes@mit.edu,No
"Diana Lin, Serena Ke","dyxlin@mit.edu, serenake@mit.edu",No
"Ingrid Tomovski, Audrey Oh","itomovsk@mit.edu, audreyoh@mit.edu",No
Alejandro Rodriguez,ajr305@mit.edu,No
"Gabriel Zendejas, Owen White","gabez@mit.edu, olwhite@mit.edu",No
Emma Li,liemma@mit.edu,No
"Valeria Ramirez, Chris Hernandez","rvaleria@mit.edu, chrishdz@mit.edu",No
"Shira Listokin, Sharon Li","listokin@mit.edu, srli@mit.edu",One of us is a vegetarian
Zavish Kitou,kitou@mit.edu,No
"Leaya Cleary, Charlotte Lee","lgcleary@mit.edu, clee0228@mit.edu",One vegetarian
"Jolyn Fang, Alice Cheng","jolyn521@mit.edu, alicewc@mit.edu",No
"Alice Cheng, Jolyn Fang","Alicewc@mit.edu, jolyn521@mit.edu",No
Gabrielle Okorodudu ,gabokoro@mit.edu,No
"Diya Agrawal, Kara Chou","agrawald@mit.edu, karachou@mit.edu",Vegetarian (one of us)
"Angelina Ning, Phoebe Xu","angn_731@mit.edu, pxu79@mit.edu",No
"Nichole Li, Sarah Lov","nicholel@mit.edu, smyl362@mit.edu",No
"Kalan Warusa,  Gabriel Goh","kalan@mit.edu, gghx@mit.edu",No
"Elaine Zeng, Irene Choi","hwiseo@mit.edu, epzeng@mit.edu",No
Emma Effinger,emma11@mit.edu,No
"Jing Lin, Trish Zheng","jingl127@mit.edu, trishz@mit.edu",No
Trang Phan,phantasm@mit.edu,No
"Jay Mancera, Thu Le","jmancera@mit.edu, thule@mit.edu",No
"Joanna Liu, Mingjia Zhang","chiulanl@mit.edu, mjz@mit.edu",joanna - black sesame
Emma Wu,ehwu@mit.edu,"Peanuts, tree nuts, shrimp, tofu, soy milk, soy beansprouts, edamame"
"Reshma Kosaraju, Maya Krishnan","reshmak@mit.edu, mayakris@mit.edu","vegan, vegetarian"
"Vaibhavi Addala, Vaishnavi Addala","vaddala7@mit.edu, vaddala9@mit.edu",Vegetarian
"Vaishnavi Addala, Vaibhavi Addala","vaddala9@mit.edu, vaddala7@mit.edu",Vegetarian
"Tiki Wu, Joyce Liu","twu@mit.edu, jliu07@mit.edu",No
"Fiona Wang, Colin Kim","fionayw@mit.edu, cik@mit.edu","nuts, apples, peaches"
"Amy Chang, Anna Kim","akchang@mit.edu, akim05@mit.edu",No
"Michal Lipiec, Julie Liu","mlipiec@mit.edu, jiarui_l@mit.edu",No
Luoxi Wu,luoxi@mit.edu,No
Megan Wang,myxwang@mit.edu,No
"Rebecca Jacob, Enrique Rojas","rebecca7@mit.edu, enrojas@mit.edu",No
"Milin Tunsiricharoengul, Siddhu Pachipala","milint@mit.edu, siddhup@mit.edu",No
Michelle Han,mhhan@mit.edu,No
"Hania Matusik, Ryan Chen","hmatusik@mit.edu, rrchen29@mit.edu",no red meat
"Truman Remenicky, Rebecca Mallozzi","tremenic@mit.edu, mallozzi@mit.edu",No
"Emily Zhang, Ruoxi Qian","emizha@mit.edu, rqian@mit.edu",No
"Nathan Wu, Ian Sun","nwu1729@mit.edu, iansun19@mit.edu",No
Lydia Birknes,lbirknes@mit.edu,No
Sherry Zhang,Sherry29@mit.edu,No
"Olivia Garcia, Aitor Arrese-Igor","Ogarcia@mit.edu, aitor984@mit.edu",No
"Layla Thiessen, Lauren Kozlovsky","laylat@mit.edu, lakozlov@mit.edu",No
Annie Guo,annieguo@mit.edu,No
"Libi Matityahoo, Malena Nabwani","Libimati@mit.edu, malena16@mit.edu",No
Justin Maldonado Rivera,jmrivera@mit.edu,No
"Brian Zhang, Kenna Zhang","zhang108@mit.edu, kenna@mit.edu",No
Jeannie She,jeanshe@mit.edu,No
"Rohan Raghu, Owen Barron","rohansky@mit.edu, tobarron@mit.edu",Veg
"Veronica Patino, Layla Stanton","vcpatino@mit.edu, layla99@mit.edu",No
"Victoria Dang, Catherine Hu","vdang@mit.edu, cathhu@mit.edu",No
jessica guo,jessiguo@mit.edu,No
Sofía Medina,Medina@mit.edu,No
Calista Huang,calistah@mit.edu,No
Kelly Ly,kellyly@mit.edu,No